,objek,ulasan,label
0,air panas banjar,salah satu tempat mandi air panas singaraja juga murah tempat sedikit kotor mungkin tempat lama cara seluruh tempat bagus mandi air panas,1
1,air panas banjar,wajib kunjung sedang ada sekitar singaraja bagi barat tiket masuk sangat jangkau pilih kolam sangat banyak air panas alami,1
2,air panas banjar,tempat wisata cocok refreshing santa keluarga teman pacar itu pandang sangat indah,1
3,air panas banjar,pandang sekitar air panas banjar asri duduk sana sangat ramah air panas banjar diri 3 kolam satu kolam anak anak kolam dewasa kolam pijat air pancur yg tinggi kunjung air panas banjar sama di 081 353 343 724 langsung saya made,1
4,air panas banjar,datang airpanas banjar belum mandi coba dulu gelas kopi bal pisang goreng fried banana bagai menu ada makan minum lets go,1
5,air panas banjar,tempat tarik air panas juga mandi sama wisatawan asing bagai negera seru kan saja fasilitas dukung perlu baik ruang ganti bersih perlu perhati lagi,0
6,air panas banjar,tempat senang terus datang mandi cuma fasilitas loker perlu dperbaiki karna kurang layak pakai,0
7,air panas banjar,banjar hot spring salah satu mandi air panas yg bal khusus di kabupaten buleleng mandi air panas wajib kunjung kunjung bal utara kolam air panas murni alam buat badan asa nyaman laku jalan jauh traveling bal utara lokasi cukup jangkau pantai lovina yg rupa destinasi wisata yg di bal utara kurang lebih 25mnit pantai lovina anda sudah nikmat air panas yg langsung alam,1
8,air panas banjar,salah satu tempat wisata air wajib kunjung cocok relaksasi air belerang percaya mampu sembuh bagai sakit kulit dapat tiga kolam yg milik pancur bagus pijat air lokasi strategis area bukit biaya masuk jangkau,1
9,air panas banjar,air panas banjar hot spring suka murah sekali kesan air kotor yaaaaa banyak yg jual kaos jalan tuju kesana baik mungkin yg mau basah basah mereka lupa bawa baju ganti beli sana,0
10,air panas banjar,air terjun banjar rupa destinasi yg patut kunjung suasana yg alami sejuk buat perjlnn wisata nyaman tetep jaga bersih yaa,1
11,air panas banjar,tempat indah 3 kolam air panas taman tropis fasilitas kamar mandi kamar ganti locker harga masuk sekarang 10 000 rupiah parkir 5 000 rupiah,1
12,air panas banjar,tempat selalu ramai hari libur saran habis waktu keluarga kunjung tempat pagi hari hari lain air panas banjar mudah jangkau kita lihat jalan anda hanya perlu jalan jalur lurus area parkir tidak tanjak sampai di mandi anda ajak nenek kakek anak anda untuk gabung libiran keluarga anda moga sukses,1
13,air panas banjar,lokasi ada 20 km kota singaraja arah kota tuju barat kira kira 18 km akan temu kawasan lovina silah mampir menikmasti pandang pasir hitam kawasan binaria lovina itu luncur barat kira kira 8 km simpang camat banjar silah belok kiri ikut ketemu pasar banjar lurus selatan beberapa ratus meter telah jembatan kecil belok kiri ada papan informasi air panas banjar ikut jalan tuju lokasi hati 2 jalan kecil sampai tuju silah cari tempat parkir cukup sempit tuju loket tiket masuk selamat rendam nikmat pisang goreng restauran di atas tempat mandai,0
14,air panas banjar,pertama kali kesini sama keluarga besar tempat bagus kalau badan sedang lelah tinggal cari pancur pegal2 akan hilang hehehe jangan pakai baju putih kalau rendam sini pulang2 baju jadi kuning kuning semua,0
15,air panas banjar,lokasi sangat bagus perlu naik turun tangga terlalu jauh cocok bawa orang sudah lanjut usia kolam mandi bagus tarif ke lokasi tidak terlalu mahal jadi sangat cocok yang budget holiday,1
16,air panas banjar,kolam bagus cukup ramai air kes keruh bau belerang keras tiket masuk sangat jangkau,0
17,air panas banjar,air panas turut masuk paling bagus tata banding air panas di bal mungkin sumber air panas cukup banyak juga punya satu kolam besar air panas yang sangat cocok di pakai berenag saja tempat sangat kenal tempat kadang kadang terlalu full baik lokal maupun wisatawan asing kalau kunjung tempat jangan khawatir kena pakain di sana banyak sekali toko baju harga gak terlalu mahal,1
18,air panas banjar,lumayan buat dar main air ga mandi renang buat kolam terlalu banyak orang banding jumlah kolam ada,0
19,air panas banjar,kalau libur singaraja mesti kunjung mandi alami air panas banjar tempat bener2 alami 3 kolam tinggi pancur beda sangat cocok tempat refreshing rendam nikmat pancur air panas nya harga tiket masuk dewasa cuma rp 5000,1
20,air panas banjar,lokasi bal utara camat banjar buleleng diri kolam yg alir air panas yg kandung belerang tempat yg cocok relaksasi,1
21,air panas banjar,pulang kampung sempat diri mandi mandi air hangat banjar ini beberapa kolam air panas alami,1
22,air panas banjar,air panas tempat mandi umum air yg kandung belerang yg konon kata bagus kulit kalau sering mandi air panas bisa hilang sakit kulit spt koreng kurap sakit kulit lain tempat bersih aman tempat makan yg nyaman coba datang nikmat hangat air mandi ini jalan 2 5 jam airport kuta nusa dua,1
23,air panas banjar,butuh waktu 5 menit jalan kaki areal parkir capai areal mandi air panas banjar banyak tanam pohon jadi suasana asa adem sejuk dapat kuil khas bal dalam areal mandi punya arsitektur bal luar biasa kolam sendiri jernih warna hijau entah memang seumbernya karena alas lain,0
24,air panas banjar,tempat lumayan bagus sayang kolam air panas kes kotor air warna jernih coklat jadi kesan air kandung lumpur meski benar mungkin pengaruh belerang jadi air lihat agak keruh bersih so so lah mungkin toilet lebih jaga bersih ada satu buat anak sipu lihat beberapa bule mesra kolam sebut anak kurang baik lihat anak bawah 17 tahun hahaha tempat santai lumayan bersih leyeh bahkan tidur yup biasa tempat ada beberapa pura doa masyarakat tempat so far so good lah baik untuk alam anak,0
25,air panas banjar,letak banjar buleleng milik 3 kolam sangat bagus buat rileksasi sehat tubuh sangat bagus buat keluarga kalo hari libur minggu purnama banyak lokal kesana jadi rame,1
26,air panas banjar,untuk kalian lelah hari keliling tempat sangat tepat lemas otot tegang tempat bersih sejuk asri sangat tepat hilang stres lelah cara rendam,1
27,air panas banjar,tempat adalah tempat air panas suci bisa nikmat santai tiga kolam ongkos masuk rp5 000 per orang parkir rp3 000,1
28,air panas banjar,relaksasi kolam air panas banjar sungguh senang ada daerah banjar dekat pantai lovina singsing waterfall,1
29,air panas banjar,sangat cocok yang penat lelah hari capek wisata bal air panas banjar plihan akhir kembali segar pikir hati sayang terlalu banyak unjung buat kolam air panas asa kecil privasi kurang yah juga tempat umum hehehe,0
30,air panas banjar,tempat nyaman nikmat mandi air panas hari kendara sangat cocok istirahat lanjut jalan nikmat tempat wisata lain sungai dekat mandi baik tetap jaga bersih,1
31,air panas banjar,saya suka tulis ulas buruk tempat tempat benar kotor lendir kolam atas banyak bit ringan jujur tampak orang toilet sana erti tempat milik endap alami keri jalan mudah sangat lendir benar harap pergi ke tempat ini tidak taruh kepala di dekat air dasar masuk keluar cepat mungkin tidak lihat kasar pergi cepat ini adalah bagi buruk jalan kami ke bal segala luar biasa harus bayar guna toilet guna loker anda bayar biaya masuk tidak rekomendasi,0
32,air panas banjar,tiba pagi hari jadi kerumun sekitar pukul 10 11 pagi makin banyak unjung datang kami pergi ada bilik mandi bersih mandi musim semi untuk ganti pakai,0
33,air panas banjar,kami ambil anak kecil 5 2 mana benar kejut betapa mudah itu punya taksi lovina butuh waktu 15 menit sampai sana harus jalan panjang jalan penuh barang turis biasa tetapi anda ada sana luar biasa fasilitas sangat bagus ubah loker biaya kecil ada buah kafe kecil toko di sana jual minum dingin tempat benar indah ajaib tidak sibuk sama sekali sangat anjur,1
34,air panas banjar,3 kolam santa air terlalu panas anda dapat nikmat meski hari lembab 38 derajat mudah jalan mata air toko panjang jalan loker sedia simpan barang kunjung musim sepi arti ada beberapa orang sana duduk tempat kunjung hari minggu biaya masuk 20 k rupiah toilet sedia,1
35,air panas banjar,air hangat letak bal utara harus kunjung hilang stres rendam sini 3 kolam pertama paling hangat dalam 1 meter dua cukup hangat dalam 1 hingga 2 meter pancoran tinggi tiga cocok pijat air hangat juga lengkap simpan yang aman tiket 20 000 rupiah,1
36,air panas banjar,unjung bal mandi salah satu mata air panas suatu harus tentu unjung sumber air panas ini tempat baik dinding gunung bak mandi sangat bagus buat milik fasilitas baik air hangat tidak bau sama sekali saja tinju datang beberapa toko suvenir semua barang lihat mana tidak beli apa di sini lebih baik simpan uang anda untuk ubut spring nila sementara,0
37,air panas banjar,mata air panas alam nyata air sangat hangat bersih satu yang aneh mandi begitu banyak orang sekitar anda,1
38,air panas banjar,biaya masuk 20 k bukan apa air panas tiga kolam begitu ramai letak baik hutan santai bukan arti butuh yang panas sini sangat baik santa hari dalam mobil pergi antara kuil,1
39,air panas banjar,ini tempat bagus santa layang kolam renang alami beberapa budaya bal keren 3 mandi suhu beda kecil mandi hujan air tinggi tawar pijat leher punggung hebat juga,1
40,air panas banjar,kami nikmat waktu mata air panas aneh panas kolam renang sangat bagus satu kolam milik air datang 2 meter di atas ketika sentuh punggung itu pijat jalan mata air sedikit lebih orang coba jual barang anda jenis tidak terima kasih semua perlu kata anda akan buru,0
41,air panas banjar,tempat bagus kunjung meski ada luar biasa lebih baik pergi pagi hari ada lebih sedikit orang mata air suci sungguh letak belah kuil kecil atas bukit,1
42,air panas banjar,tempat bagus senang kami mungkin nikmat lebih baik kami tiba depan kerumun semua anak hehe ada 5 orang liar jam 1 siang adalah hari panas kami cukup skeptis renang air panas benar suhu kolam utama sempurna kejut yang baik restoran sangat murah milik makan yang baik,1
43,air panas banjar,kunjung mata air panas tapi spektakuler bagus lihat dekorasi kamar mandi mandi sendiri benar sangat bagus kamar mandi ruang ganti fasilitas sangat tidak awat tangga turun dalam air lumpur kamar mandi kecil banyak toko beli batik tidak ada langgan jadi jaga toko sangat ambisius barang ada browsing mustahil akan rekomendasi pergi lihat tidak lihat bak mandi,0
44,air panas banjar,ketika datang tempat cukup ramai mata air panas banjar mudah jangkau 20 menit kota singaraja mata air panas banjar dapat salah satu baik bila banding hotel lain mata air panas pernah kunjung bal bersih indah tempat adalah tempat sempurna relaksasi,1
45,air panas banjar,unjung sore hari tempat masih sangat ramai meski harap sabtu lihat wanita benar kotor het anak satu kaki tangan buka swores di energi ambil jalan keluar kolam renang,0
46,air panas banjar,air senang tenang mata air karena dapat apung air mineral rasa bobot duduk bawah mulut naga milik air alir leher bahu seperti pijat sangat santai layak jalan,1
47,air panas banjar,unjung tempat saat adalah sedikit kecewa lihat buah kolam renang mana dapat renang adalah ada istimewa tidak layak pergi keluar cara untuk,0
48,air panas banjar,unjung anda harus sumber air panas air hangat bagus kamar mandi beda wisatawan duduk lokal semua pergi di sini,1
49,air panas banjar,pergi ubud kendara panjang beberapa rute indah kamar mandi milik air panas bagus datang habis 3 jam spa,1
50,air panas banjar,saya keluarga unjung air panas banjar banjar hot springs cukup underwhelmed area sumber air panas tiga kolam renang jauh lebih kecil harap apa laku lihat kolam renang sendiri tidak suka pergi air hangat kolam renang yang hijau kunjung akan jadi lebih 5 menit di yg kandung belerang springs harap jadi bau itu tidak jalan kaki tempat parkir 100 m penuh toko kecil jaga toko super tarik jual sesuatu jadi siap kata tidak banyak banyak kali jika anda lewat tidak pikir air panas banjar layak kunjung,0
51,air panas banjar,yang takut air panas banjar 5 km barat daya lovina dapat 3 kolam renang nikmat tengah taman tropis indah beberapa tingkat beda kolam renang pertama isi 8 giat cari batu ukir naga naga mitologi tuang keluar 37 derajat celsius sulphorous air sumber mata air panas alam bawah tanah banjir dua kemudian kolam renang lebih besar lebih lima lalu mulut naga kuat tonjok air meski pergi kolam renang sempit tiga beri makan 8 meter sembur air gelegar bawah alir kuat kenyang hilang tegang otot sakit leher punggung unjung mata air hari hujan tidak terlalu sibuk kolam renang pijat buat air hangat lebih senang bal hari biasa panas lembab kamar ganti loker pakai barang pribadi bayar biaya kecil buah restoran atas kolam renang makan ringan minum taman juga tempat yang cukup jajah pulau yang anda daki langkah kolam renang jalan mata air penuh kios pasar yang jual seni rajin suvenir t baju pakai dan batik biaya masuk rp 3 000 tiket beli kantor kecil di tempat parkir mobil sangat rekomendasi air panas banjar lama,1
52,air panas banjar,jika harus kata begini akan beri lewat air kuning lihat baju renang anda sudah kena putih,0
53,air panas banjar,kami pergi sana bukan renang untuk cari sumber mata air panas ini tempat sangat kenal bal sangat jalan bebas hambat hanya kagum air panas,1
54,air panas banjar,cara tarik habis pagi hari banyak duduk tempat mandi dengan harga sangat murah toko jalan beberapa paling mahal temu pantai utara anak dewasa kami 20 tempat ini,1
55,air panas banjar,satu alas beri nilai cukup baik yakin suatu jadi tempat sangat senang kunjung hotel ada bawah naung pohon tinggi batu benar buat mandi besar kesan namun air kotor lihat bawah bak mandi sangat licin tunjuk beberapa jenis ganggang lumut warna air hijau jernih tiba saya yang benar warna oranye lapis kotor bawa sabun sabun cuci telah saya perlu cuci pakai kali dapat keluar ruang seluruh hotel ini hanya baik saja alas mereka kelola ada biaya masuk tanya di mana jika tidak kelola,0
56,air panas banjar,ini tempat bagus renang santa itu adalah sumber alami panas gunung rap namun begitu banyak orang saya sadar tempat tidak mudah renang bak air panas,0
57,air panas banjar,air hangat harap warna air hijau tidak susu sana tidak berani masuk bawah ada taman tempat parkir mobil yang batas loket tiket tepat parkir di belah toilet gulung belum toko air panas,0
58,air panas banjar,istimewa anak sangat bosan untung ada kolam ikan beri makan buat sibuk sementara waktu beri buah hilang waktu ikut,0
59,air panas banjar,biaya masuk hanya 10 000 air sangat hangat meski sedikit gelap pancur air cuci akhir,0
60,air panas banjar,kami unjung mata air panas lama hari lovina arena bal utara hotel sangat bagus lihat banyak orang lokal benar nikmat diri sendiri kami sisi itu tempat bagus sekitar 15 menit mandi pikir kami kira cukup pandang bagus meski,1
61,air panas banjar,kami datang lebih awal pagi hari pukul 7 30 jadi orang pertama mandi harga tiket rp 10 ribu dewasa lokal betul murah air sangat lucu warna hei mandi air panas alami milik kolam renang satu satu 1 m tinggi air cukup panas mandi dapat guna mandi restoran loker sedia parkir adalah banyak bisa unjung tempat telah lihat lumba lumba lovina sangat dekat butuh tempat inap dekat mandi air panas anda dapat coba pondok grya sari 100 m hotspring milik sangat ramah sangat bal,1
62,air panas banjar,sangat panas anda tahu bagaimana hijau keruh lumpur aku akan pergi semua mereka milik jenis kamar ganti biasa dagang pintu masuk,0
63,air panas banjar,kami ambil sini pandu wisata kami harap akan tempat pakai renang bawah pakai ganti daerah kotor bau itu guna bagai toilet itu lokasi hotel luar biasa mata air panas sangat hangat mereka milik daerah pisah sentuh alami cukup kuat tenang saya rupa gores kaki di tangga kasar saya darah saya keluar,0
64,air panas banjar,tidak mata air panas rekomendasi lihat tempat terus terang kecewa objek wisata biasa bayar parkir mobil juang lalu wanita turut jaga kios jual kaos biasa kemeja sarung seprei layan jelas harus jalan sarung tangan luar juga sumber air panas sendiri hangat baik air kotor batu sekitar kolam renang sangat licin jamur jadi bersih paling aman bagai atraksi wisata topi semua ibu salah adil langkah seruduk jatuh kolam renang lain juga genang gembira senang saya tertawa juga,0
65,air panas banjar,kami henti banjar jalan pulang lovina ubud sangat rekomendasi adalah alam indah air indah hangat habis satu jam di sana bayar 1 dapat dan layak,1
66,air panas banjar,jika unjung pantai lovina ada lovina sempat kunjung air panas banjar anda kunjung tempat ini anda harus coba renang air fungsi sehat,1
67,air panas banjar,sangat untung tiba kolam renang hampir kosong sangat rekomendasi tempat untuk alam mandi hanya tepi hutan,1
68,air panas banjar,mata air panas bagus lingkung indah definitally dekat layak kunjung masuk 10 000 rupee jadi benar mahal,1
69,air panas banjar,anda pergi akhir pekan seluruh mata penuh duduk tempat benar baik tiga kolam renang kecil cukup besar renang sekitar di sangat senang pergi sini lihat lumba lumba pagi hari cukup dekat naik sepeda skuter anda,1
70,air panas banjar,telah dapat lalu desa kecil semua orang coba jual barang dagang mereka capai pintu masuk mata air panas tempat indah fasilitas baik campur baik duduk lokal turis barat pakai renang baik nikmat mata air alami air belerang jadi agak awan tidak jelas sedikit ragu pergi mata air panas beri cuaca panas bal kami sangat suka pasti datang asa luar biasa bagus bisa nikmat tempat lokal duduk lokal turis tidak milik semua,0
71,air panas banjar,fasilitas bagus sekitar 50 50 beda duduk tempat wisatawan semua orang sangat ramah baik belanja juga biasa keruh air mata air panas yang pernah datang beberapa mungkin temu bau belerang atas bayar 400 000 supir 10 00 16 00 masuk mata air panas 10 k k 5 orang dewasa dan untuk anak sangat rekomendasi,1
72,air panas banjar,ini tempat baik ada banyak duduk tempat juga anda sangat peduli bersih hotel mungkin bukan tempat anda air cukup kotor pengaruh sehat sangat tanya kami pikir adalah tempat baik lokal rasa tahu,0
73,air panas banjar,diberitahu sampai sana 8 pagi hari hindar orang banyak kami laku itu meski jadi musim lambat di pagi hari masih sangat sibuk sangat nyaman banyak orang bicara sangat ramai tempat layak kunjung bahkan untuk pandang air panas nya bukan baik,0
74,air panas banjar,sumber air panas salah satu pernah ubah masa lalu 15 tahun biaya masuk 10 000 orang dewasa 5 000 anak tiba bank holiday banyak unjung lokal ada nikmat hangat kuku lebih besar 1 2 meter dalam hangat kecil kolam renang kolam renang restoran saji jus segar bagus semua semua yang bagus 2 jam,1
75,air panas banjar,tempat penuh sesak orang mana tempat duduk makan piknik banyak orang musim semi semua pakai di restoran terlalu mahal makan tidak baik,0
76,air panas banjar,saya istri unjung air panas banjar tur bal utara banyak orang lokal para turis nikmat segar air milik cepat main air perlu obat adalah istirahat matahari dapat simpan pakai loker guna ubah kamar biaya kecil tempat sibuk anda rasa baik itu,1
77,air panas banjar,bagus lihat duduk tempat wisatawan sumber air panas hanya benam kaki itu semua posisi indah pergi lebih awal yang laku kunjung cepat sini saya bayang dalam air sudah panas luar 10 k masuk lingkung oke mungkin bisa laku beberapa baik pindah kamar cukup jahat,0
78,air panas banjar,henti banjar hot springs bagi hari jalan lalu bal tiba mata air panas mulai hujan tidak henti seluruh waktu kami ada mata air panas benar nikmat kolam renang lokasi indah ubah kamar tinggal sedikit ingin ini adalah bal semua air tinggal rasa santai kulit indah walaupun sedikit bau belerang,1
79,air panas banjar,hanya beberapa unjung tiba jadi kami bisa nikmat mandi sumber air panas air cukup hangat cara seluruh adalah alam segar akhir hari panjang jalan,1
80,air panas banjar,yakin pergi sini baik harga benar yakin air laku apa semua nikmat itu baik bangun meski ramai tinggal sini oktober adalah tenang itu sangat sibuk senang kami pergi,1
81,air panas banjar,tempat adalah tempat bagus terlalu ramai kami pergi 3 kolam renang air sangat panas air panas air hangat datang langsung gunung bawa handuk sampo yang tidak sedia ada kamar mandi,1
82,air panas banjar,cukup kecil harga santa air hangat air panas banjar jangan bodoh duduk tempat trik parkir motor kantor tiket jalan 100 m lebih semua harus jadi beberapa ratus meter jalan tengah jalan mata air panas akan temu lokal lampu tetap diri tengah jalan akan arah ke tempat parkir bayar mata air panas gratis ubah kamar bayar toilet toko kecil tawar minum makan ringan jangan kuatir air kolam renang anda akan warna pakai kulit jeruk jadi mungkin kena bikini putih anda anda cuci langsung warna keluar anda biar kering dan cuci kemudian mungkin tidak,0
83,air panas banjar,air hangat tenang kunjung rupa yang beda coba saya sangat rekomendasi orang coba tempat ini tempat juga terlalu ramai kolam renang,1
84,air panas banjar,adalah luar biasa sangat jauh ubud 3 jam tinggal lovina hanya kendara singkat tengah jam kios pasar anda beli air handuk lupa bawa nikmat air rasa baik otot lelah anda renang beberapa putar longgar otot lengan senang kami laku,1
85,air panas banjar,pergi sana satu malam ada ada lebih baik laku rumah panas himalaya kerumun dalam tengah telanjang pria dalam tangki air panas telah selalu buat penasaran lihat satu ini beda saya punya kamera saya saya putus ambil gambar anak waktu warna air adalah tidak ramah jadi habis beberapa waktu area pergi kembali villa jalan lalu lewat mata air panas sangat hias bagai macam toko anak kecil 6 tahun sibuk coba jual barang dagang mereka tidak biasa saya saya sendiri fenomena 6 tahun grand putri hibur kami beri tawar kipas tangan naksir,0
86,air panas banjar,letak bukit buleleng regency 5 kms jauh pantai lovina tiket masuk akan tagih 10 000 idr per orang ada biaya tambah anda guna loker toilet air dalam air hangat milik beberapa air mancur milik 2 kolam renang bagi dangkal dalam sampai deppest 2 m anda milik macam alergi hati warna kuning hijau,0
87,air panas banjar,saya datang sini 8 pagi hari kalah semua wisatawan hanya duduk tempat tiba saya inap sini lama 4 jam sumber mata air panas tidak benar lama tinggal lebih hangat itu pertama kecil kolam renang hangat kolam renang besar dingin pergi lebih awal hindar orang banyak saya tinggal wisatawan tetes air di,1
88,air panas banjar,belum kuta unjung sumber air panas sambut lega utama laku air terjun gitgit hari belum santai senang ada sana t terlalu sibuk sama sekali biaya masuk adalah 10 000 rp aud 1 00 loker aman s sewa simpan semua barang harga anda serta ubah kamar kamar mandi nikmat waktu sana kita pikir obat tawar air kami rasa sangat santai kunjung kami makan di kafetaria indah sangat murah juga layak coba untuk makan ringan,1
89,air panas banjar,banjar villagge letak bukit buleleng barat wilayah air panas keluar sisi gunung gelembung healling tempat relaksasi atas buah sungai kecil pergi tempat santa bak mandi minta hotel untuk atur jalan anda untuk pergi sana anda tinggal dekat seperti gula munduk lovina,1
90,air panas banjar,itu dasar bak mandi air panas pusat sembuh fasilitas modern 5 kms pantai lovina lantai pertama milik delapan naga sembur kecil kolam renang mungkin keluarga gabung rendam pada tingkat dua adalah bagus kolam renang loker sedia jumlah uang jaga barang harga anda beberapa kios makan belanja suvenir toko dapat beberapa tawar harga biaya masuk 3000 orang buka turis 8 jam 6 sore,1
91,air panas banjar,ada 2 kolam besar kemudian 3 rd air panas pijat sedia air jatuh 15 meter kolam renang atas milik air hangat sama milik suhu cukup hangat bak mandi tidak panas kolam renang bawah nyaris suam kuku mungkin jelas orang dalam loker sedia biaya nominal 5 000 rp anak tinggal barang harga ubah toilet bersih sedia tapi ada tugas akan minta bayar 2 000 rupiah pasti simpan 2 000 rp uang kertas guna kunci barang harga anda anda niat guna toilet tuju kolam renang pusat belanja sarung tangan satu lewat saat datang berangkat jelas target turis banyak kejut kami tawar harga baik pilih kualitas baik celana berat ringan bal kami lihat bal utara tanpa usaha sama sekali kami aju tawar apa jadi ombak tidak langsung tolak seperti saya biasa laku jika anda milik minat beli barang anda lama tinggal bal telah unjung mata air panas pasti untuk unjung biara kuil di jalan panas struktur paling unik tarik saji padu hindu konfusianisme buddhisme di cabang beda,1
92,air panas banjar,hanya cepat henti sini tampak ok sumber air hangat sulfur habis 20 menit bawah berat arus air rasa pijat aku rasa segar tidak lagi lebih suci rekomendasi saya pikir itu biaya 1 plus parkir banyak warung di jalan tidak agresif jual jual barang bagus wanita,1
93,air panas banjar,tempat tampak infeksi telinga jadi pilih tinggal kering beli buah es krim lihat pandang,0
94,air panas banjar,sekali lagi terima kasih semua sopir bawa sini banyak tempat parkir biaya masuk biasa pasar besar jalan lalu sarung hias biasa kolam renang keliling vegetasi subur palms pakis hibiscus cordylines pohon pohon bambu sangat indah ruang ganti loker biaya kecil air hangat diri bawah sembur buat bagus pijat bahu leher 3 ukur kolam renang kerja kecil milik sembur air biasa pijat misal main kolam besar tampak cocok anak terlalu banyak orang kami pergi kolam renang sangat beton sedikit hijau tempat tidak terlalu khawatir dengan cara air alir lalu yang tahu sendiri juga satu keluh adalah mungkin orang rokok kolam renang tidak bagus baik henti anda ada di daerah singaraja,1
95,air panas banjar,air panas beri alam rekreasi therapic air s konten yg kandung belerang bisa lihat beberapa poin merah kuning endap sembur dinding kolam renang,1
96,air panas banjar,punya sini lambat kolam hampir kosong kami guna kamar mandi indah kami milik waktu besar adalah tempat nongkrong lokal super murah,1
97,air panas banjar,asa jauh lovina panas layak kunjung bahkan beberapa duduk tempat adalah satu sempat dapat hangat panas bak mandi,1
98,air panas banjar,ok unjung sekali ada kolam renang sangat bagus air tampak luar biasa sekarang tahu bagaimana bersih air tidak milik berani coba cara seluruh lingkung sangat bagus keliling alam udara segar rendam kolam renang alir air atas kolam renang bawah ini coba saja,0
99,air panas banjar,saya akan benar sebut bagai sumber air panas air hangat baik tempat tampak sangat ramai anak lompat di,1
100,air panas banjar,sumber air panas sangat murah tiga kolam renang beda itu sulit temu tempat santa air hangat jernih kolam renang bawah air ditawarkan tentang 2 5 m pijat alami milik kolam renang kecil yang sulit dapat bawah satu yang lebih area mandi,1
101,air panas banjar,tempat tidak terlalu ramai beberapa keluarga anak kecil juga ada bawah cuaca jadi suami pilih renang dapat alam baik dia bahkan milik kolam renang besar diri sendiri beberapa waktu bagai tingkat sembur air jet kolam beda 3 total anda guna lepas rasa sakit sama ada mandi udara buka juga,1
102,air panas banjar,memang muncul hari libur sangat populer duduk tempat wisatawan tempat benar kemas sangat tarik alam hampir spiritual mungkin lebih baik hari normal biaya masuk kecil bayar tambah biaya parkir kami milik transportasi sendiri adalah baik kita keluar sana cepat harus jalan sarung tangan calo lengkap anak kecil umum tidak buang waktu,0
103,air panas banjar,sumber mata air panas cukup santai hanya diri bawah mini kolam renang air panas debar leher dan seperti pijat makan kurang air begitu bersih bau tak sedap bau tak sedap meski dapat kait konten kuning hijau,0
104,air panas banjar,ok selatan east asia kami harap semua sempurna hal pertama perlu ingat diri ketika unjung mandi tua jamur air indah meski jadi hangat ubah kamar kotor juga akan sentuh tiang 10 ft telah renang sana sangat murah masuk jadi jangan lewat tempat ini,1
105,air panas banjar,ok jadi telah lihat beberapa ulas keluh keri pria pertama kata ya dapat seram seperti lihat anda ada anda akan takut akan juga perhati wanita anda hanya bikini tidak maaf hanya kata harap itu air hangat sangat kotor tidak dapat di mulut anda anda cari sedikit budaya tambah jalan akan kata anda tempat di daftar anda tempat sangat populer duduk tempat saya selalu tanda baik jangan beli apa pasar kecuali anda sedia tebak lengan tungkai bayar itu,0
106,air panas banjar,tempat bisa jadi masalah orang pria anda orang wanita siap tatap laki lokal keri harus orang wanita pakai apa pun dia pilih pakai tanggung jawab atas perhati ingin laki mata yang salah korban jika anda unjung kena bikini wanita lokal pakai lengkap t kaos celana panjang celana pilih salah satu potong baju renang masih milik beberapa orang nampak sama sekali saya sangat tidak nyaman tidak akan kembali lagi,0
107,air panas banjar,saya lihat depan renang air panas semua sore dapat jebak hujan air terjun gitgit sumber mata air panas hangat tampak hal dapat bayang kecewa ketika tiba kolam renang hangat kuku tumbuh air warna hijau sangat sedih penuh turis tempat wajah buat keluar orang makan yogurt air bawah adalah licin asa seram tidak keluar cepat cukup selalu bayang diri sendiri rumah kata ini licin dokter lukas hangat kolam ikan di indonesia terima resep obat bunuh parasit apa harus guna wadah dan kali lewat tempat ini,0
108,air panas banjar,ini adalah salah satu tempat semua wisatawan lihat adalah tempat sangat sangat lokal tidak banyak turis datang sini akan sangat saran datang sini coba henti lompat dalam air air hangat sangat enak nikmat waktu senang saran beri 2 3 jam masuk suasana duduk tempat hanya biar diri pergi rekomendasi,1
109,air panas banjar,kali ada lovina unjung mata air panas banjar tempat sangat bagus unjung sini akan lihat nikmat langsung balinees orang renang air jalan mata air sedikit toeristique ok sumber air panas milik kafe restoran hanya beli beberapa minum dingin,1
110,air panas banjar,kami habis beberapa jam tiga kolam renang duduk tempat atas kolam hangat lima hujan deras air alir kolam renang dapat guna pijat tubuh anda air tiap kolam renang warna susu seperti hotel yang unjung kolam renang bal,1
111,air panas banjar,adalah tempat santai renang kolam air hangat air dapat milik senang mandi bawah antirrium,1
112,air panas banjar,salah satu baik anda laku bal daerah utara bal sangat dekat pantai lovina sumber air panas adalah benar luar biasa sehat untuk segar tubuh anda,1
113,air panas banjar,letak banjar tak pulau bal rasa alam beda rap air hangat jadi sehat tak lupa,1
114,air panas banjar,tarik tempat pergi ada daerah pantai lovina sangat bagus santa saat ada jalan sangat murah 10 000 idr per orang 5 000 idr per anak mungkin dapat pijat dan atau pergi bak mandi air panas sumber air panas dengan biaya tambah bawa handuk anda sendiri beli salah satu banyak toko jalan mata air panas buah restoran premisses tidak coba tempat tarik tidak layak kemudi 3 jam denpasar sanur ini anda akan perlu untuk gabung dengan hal untuk laku daerah,1
115,air panas banjar,tempat milik air hangat sebar beberapa kolam renang lingkung paling senang bal utara telah dua kali sekarang aku lihat baik telah laku sejak kunjung akhir saya air hangat tenang kunjung rupa beda coba saya sangat rekomendasi orang coba tempat ini makan restoran sangat baik pandang sangat bagus juga rasa anda ada hutan ini milik 10 15 kios toko anda jalan di beberapa barang kualitas yang sangat baik,1
116,air panas banjar,coba datang pagi hari pergi kolam renang air panas rasa santai pijat fontaine air panas,1
117,air panas banjar,telah jalan sarung tangan para dagang lokal adalah tempat bagus letak mata air kolam renang hangat bagai derajat batu sangat banyak kolam renang rasa sangat tradisional laku candi buddha hari sama turut kuil pertama laku ini bagai akhir hari dan adalah cara bagus akhir hari,1
118,air panas banjar,kami henti ketika ada daerah jadi baik saja tempat juga terlalu ramai kolam renang sisi lain aku inap air terlalu hangat segar macam hari panas turis non itu benar ada banyak lihat,0
119,air panas banjar,air hangat baik meski tampak kotor tempat cukup kecil tidak semua khusus akan rekomendasi periksa tempat keluar anda di wilayah,0
120,air panas banjar,air panas sangat jarang temu negara saya jadi selalu patut coba milik tiga jenis kolam renang sini masing masing suhu beda gaya lebih suka pijat kolam renang kolam renang sayang sangat kecil tampak sedikit kotor mereka bersih malam mereka alir keluar air kembali esok pagi,0
121,air panas banjar,ini tempat akhir henti laku tur hari lovina jalan kaki singkat garasi biaya kecil masuk 10000rph air hangat bersih milik rasa itu baik apa harap dapat milik minum restoran milik kamar mandi bersih baik 30 menit henti akan cukup pada anak anda pergi masih pakai celana dalam air adalah sangat hangat kolam renang harus jalan lewat banyak agen jalan mereka tidak repot anda terlalu banyak,1
122,air panas banjar,apa tempat bagus santa layak jalan ubah kamar toilet barat jalan jauh akses mudah,1
123,air panas banjar,sumber air panas alam nyata sekitar 1 biaya masuk dapat habis lama anda mau rendam kolam air panas luar biasa pukul pancur air anda ingin layak kunjung,1
124,air panas banjar,ada lahan hijau tropis vegetasi bisa rasa suasana panas ini indah kamar ganti sedia situs web dapat buah restoran lapar jalan tantang duduk tempat coba jual pakai minum souvenir dll capai pintu masuk itu bagi pesona hal ubah jadi sangat hati langkah kolam renang mereka sangat licin aku harus cara pribadi buat pintu masuk spektakuler malu,0
125,air panas banjar,telah duduk mobil satu jam nanti santa bawah meski bau sulfur air hijau gelap agak kotor awal adalah buah alam kita alami belum dapat santa salah satu dua kolam renang mandi bawah mata air bahkan buah bar sabun mandi akhir,0
126,air panas banjar,saya pikir siapa bisa unjung tempat ingin lompat baik set up mudah jalan sekitar restoran sederhana bagus makan minum dan harga masuk akal,1
127,air panas banjar,kolam renang bangun gaya bal sangat eksotis namun fasilitas benar buruk ganti kamar gelap bau buruk ada orang buang air kecil sana dapat memberitahu bau itu biaya tambah toilet loker lihat aman yang harus,0
128,air panas banjar,kami habis satu jam sini 3 kolam beda masing masing sembur air pijat pikir ada sempat harus bersih kolam kecil semua dinding lapis lapis lumut berat seperti kurang langsung bersih air hangat nyaman harus bayar guna toilet dalam air panas bahkan meski bayar biaya masuk dengan semua situs ada 100 meter sarung tangan kios jual barang sama tidak seperti masalah besar,1
129,air panas banjar,kami laku jalan sini beberapa sempat keluar ramai hiruk pikuk kuta mata air panas sedang santa remaja diri layak 50 ribu rupiah lebih banyak orang yang ingat akhir kali semua sama dapat untuk temu orang dan dapat pandang bal juga,1
130,air panas banjar,buah jalan singkat kota tua kota singaraja mata kombinasi kolam renang kamar mandi banyak ruang pilih muda tua unjung arsitektur tarik cermin sejarah kaya tanah dapat habis satu jam 1 2 hari sini gantung jadwal anda anda punya waktu unjung antar,1
131,air panas banjar,sumber mata air panas indah sore hari sepeda tempat dari lovina biar nikmat pandang indah juga restoran benar murah makan siang minum bawa banyak uang kecil parkir sepeda loker dll,1
132,air panas banjar,singkat senang jalan mandi air panas ini layak jalan anda ada area unjung kuil buddha dekat juga senang pagi keluar lovina ruang ganti loker tempat yang populer tidak terlalu rame sangat nikmat,1
133,air panas banjar,jika ada sekitar benar pergi akses mudah murah pintu masuk sangat bagus air hangat bagi lebih dua tingkat dapat rendam air belerang kaya tonton kerumun duduk tempat wisatawan sama ganti kamar kamar mandi dua sederhana fungsi,1
134,air panas banjar,ketika sekitar benar pergi sini pergi sini sepeda motor singaraja mudah pintu masuk murah tempat indah renang restoran cukup enak murah pergi sini itu penuh sesak turis,1
135,air panas banjar,saya sepenuh yakin harus alam kolam renang panas tropis tengah hari akhir tidak renang taman air panas banjar lingkung luar biasa sedikit turis tuju mata air panas bagi besar dagang cukup baik ada beberapa beda jual taman air mata sederhana sangat subur tropis buat pada skala kagum suasana lihat tempat layak kunjung biaya masuk yang kecil mungkin akan renang sedikit kemudian hari ada banyak ruang dalam bagai kolam,1
136,air panas banjar,itu alam sangat bagus lucu ada istimewa ada banyak turis jadi sangat sibuk renang jalan pandu lokal budist temple lalu hutan sawah rupa alam baik,1
137,air panas banjar,layak kunjung ada daerah anda akan perlu kolam kit sumber mata air panas alam tiga pisah kolam renang sangat segar segar cinta tempat ini,1
138,air panas banjar,sumber mata air sendiri indah fasilitas sangat tua unmanaged dapat 3 kolam renang rendam beberapa fitur air loker ruang ganti kios sedia biaya kecil banyak dagang jalan tempat parkir,1
139,air panas banjar,aku ambil beberapa bujuk suami renang sini senang laku tidak alam air suhu tepat tempat yang bagus untuk renang tempat baru seluruh tempat lihat asa kotor saya rasa kotor panjang jalan pulang mungkin benar lebih higienis rasa warna kuning hijau bukan yang aku buru untuk laku lagi tempat sangat ramai banyak duduk tempat wisatawan,0
140,air panas banjar,ini jalan dan lovina mudah bayar perhati perlu jalan kaki singkat bawa ke udara panas cukup aneh air panas yang harap bagus lihat aktivitas juga,1
141,air panas banjar,tidak benar apa harap tempat lihat bagus air tampak cukup kotor aku pergi sana beberapa hari ramadan itu penuh keluarga lokal mereka mandi masih kena pakai banyak anak main kolam renang senang tempat terlalu berisik ramai nikmat kolam renang saya harap tempat lebih tenang sulit dapat bau keluar baju sesuai lebih baik guna salah satu favorit anda biaya masuk 10 000 per orang dewasa loker total 5 000 3 000 toilet,0
142,air panas banjar,kunjung tempat adalah cara bagus santa orang lokal indah tempat santa meski jual pakai rajin jalan kaki mata air panas sangat gigih paksa biaya 5 000 idr masuk 30 sen kami,0
143,air panas banjar,utama akan tidak selalu harap daerah seperti itu sedikit sembunyi adalah salah satu tempat baik kami lihat habis waktu satu dua jam sana santai duduk tempat milik rasa air hangat senang tenang diri anda layak jalan henti dapat sedikit lebih banyak budaya lokal tidak terlalu banyak orang asing di sana waktu sama bagi besar duduk tempat,1
144,air panas banjar,di banyak mata air panas bal air panas tiket paling masuk akal bal taman kolam renang arsitektur bangun cermin arsitektur bal milik 3 pilih kolam renang sini hoghest kolam renang indah panas dua kolam renang besar dalam tiga adalah baik kembali pijat air jatuh tempat lebih tinggi deposit belerang sangat manfaat kulit manusia,1
145,air panas banjar,kami hongaria tanah negara adalah mata air panas spa sumber air panas sangat kecil sederhana banding spa hongaria lingkung pandang sangat bagus sangat murah,1
146,air panas banjar,pagi hari akhir pekan terlalu ramai suasana santai kolam renang taman teguk air pasti perut anda tidak kecewa alam senang,1
147,air panas banjar,tempat indah henti barat laut bal sangat tenang bahkan 1pm indah hangat air lihat kotor kuning hijau itu hotel ini sangat bersih ini harga 10 000 rp per orang dewasa loker 5000rp,1
148,air panas banjar,kami henti sini itu dekat kuil budha hanya unjung ambil renang kami percaya pada libur harus coba segala dan laku air lebih hangat lihat bisa dapat tawar yang sangat bagus dan keluar air,1
149,air panas banjar,saya unjung spa minggu lalu sepupu benar kagum hotel kecil sangat otentik indah tempat rasa pesona seperti waktu diri masih tiket masuk sangat murah 3 kolam renang indah lingkung taman tropis air panas sangat santai bahkan jika suhu 30 derajat luar dalam hati pakai anda meski milik air warna kuning hijau dan pakai renang mungkin sedikit jadi mohon tahan diri bawang putih sangat senang pergi sana adalah salah satu highlights jalan seluruh bal,1
150,air panas banjar,ini tempat senang semua orang anda teman keluarga dengan rekan anda adalah tempat cocok siapa pun ingat tempat pakai pakai renang bawa handuk mungkin beberapa tempat pakai sama anda baik pergi senang,1
151,air panas banjar,biaya masuk hanya 5 000 idr tidak peduli mana asal sangat murah orang keluh bau bintik merah kembali sekolah rapat alas itu bahwa mata air sehat milik jumlah besi tinggi hotel sedikit bau air tjernobyl lihat tarik itu normal,1
152,air panas banjar,aku benar suka mata air panas karena penuh anak tempat putri main beberapa meski tidak paham tidak beri mereka masih interaksi lalu main aku suka tempat sangat banyak sangat cukup tempat dan kemudi lalu desa tempat dapat sini salah satu highlights jalan kami lihat bal tradisional indah luar semua turis hari pergi pikir mereka hanya 8 turis lain duduk tempat anak milik banyak senang,1
153,air panas banjar,tempat adalah terlalu dini tutup buka jam 8 pagi 6 sore jadi hanya mandi air panas cuaca cerah juga sangat nyaman kolam renang,0
154,air panas banjar,aku suka mata air panas adalah alam segar sehat tinggal belah mata grya sari hotel layak inap sana lama beberapa hari aku nikmat pergi mata air panas pagi hari banyak orang lagi kemudian hari duduk tempat air milik bau ada jual jual barang pintu masuk ya anda pergi tengah hari mungkin ada turis ini air suci dari alam saya buat beda beberapa sakit saya layak pergi,1
155,air panas banjar,tempat luar biasa habis seluruh sore bal kenal spa kelas dunia air panas banjar alam sendiri spa akhir sesi satu jam manja perut dengan beberapa makan ringan restoran sini harus tempat bal utara,1
156,air panas banjar,mata air panas alami indah atur indah ya air bau sangat jelas sama sekali tidak senang sangat untung pergi sana hari minggu penuh unjung akhir pekan sabar para jual pintu masuk dapat jadi sedikit agresif layak,0
157,air panas banjar,air hangat baik pintu masuk hanya idr5 000 jalan sana padan harga banyak pandang baik total buang waktu,0
158,air panas banjar,laku tur daerah kata ini harus lihat sangat baik bangun air segar dagang lembut jalan mata air layak vsit,1
159,air panas banjar,ketika teman rekomendasi tempat pada saya unjung tempat dengan asa senang nah sumber air panas jauh lebih baik unjung awal pagi tidak buka 8am anda rasa santai banyak orang mereka milik 3 renang 1st kolam renang sangat kecil benar air panas kolam renang tidak terlalu besar 2nd hanya 1 meter kolam renang 3rd besar anda renang tel 1 meter 2 meter dalam tangga licin urus semua,1
160,air panas banjar,tempat tenang bagi besar orang lokal air hangat tenang kamar besar mandi en toilet orang ramah mudah temu tempat parkir baik murah,1
161,air panas banjar,karena kandung air ringan air mata sedia alam rekreasi terapi tengah hutan air panas percik kompleks diri tiga kamar kolam pribadi umum besar pusat kolam renang buah restoran tengger tinggi atas tepi utara mana dapat milik makan siang sini,1
162,air panas banjar,kami habis satu hari penuh unjung bal jalan sanur tempat tinggal bal utara butuh waktu minimal 5 jam salah satu cara meski sopir laju cepat panjang hari hanya akhir traveiiing 10 jam tahun musim semi pikir wajar sangat besar tenang kolam renang air panas tempat tenang tengah hutan suara sangat romantis senang ketika tiba sana apa lihat buat percik daerah kecil orang wanita bertcmpur gembala beri ruang dalam air panas bau badan begitu banyak orang benar bau air masyarakat tempat kuil suci itu jadi rencana pergi sekarang tahu apa harap jangan laku anda bayang beberapa fairy taferil hutan suami anda di kolam air panas bagus milik beberapa waktu tenang plus kita akhir habis banyak taksi harga senang,0
163,air panas banjar,mata air panas banjar pasti patut kunjung kolam renang utama hangat segar kota kecil belakang area jet air beda milik kuat segar bukan tempat gratis pasti ambil handuk tidak milik sewa mereka guna untuk bayar harga premium beli loker untuk sewa harga wajar hati turun tangga daerah kolam sangat licin taman keliling mata air tenang kedai kopi hadap kolam renang,1
164,air panas banjar,air panas bagi tur trekking gunung batur santai air panas lelah daki tinggal sana lama jam aku alam hebat,1
165,air panas banjar,kami unjung sini bagi jalan hari aku tahu apa terliba tripadvisor ulas cukup siap ketika tiba arsitektur pukau musimsemi ukir batu air mancur kepala jadi benar layak cari banyak orang utama duduk lokal mandi air ketika anjing muncul air cukup tempat turun jadi mungkin tidak sewa sepeda yang tidak benar karena sedikit suram tidak tak duga kadang jual lambat pedagangakhir coba untuk jual hal t shirt hotel lumayan tidak rekomendasi kunjung anda ada area nila baik lihat,0
166,air panas banjar,banjar hot springs tempat indah dapat ajar banyak budaya tradisi bal unjung mata air panas ini alas balik sejarah tradisi dapat kamar mandi panas bahkan aku bisa dapat dalam air aku nikmat tempat indah perlu tahu beberapa duduk tempat mungkin coba serta wisatawan pandu dan harap beri mereka uang itu jadi anda tarik interaksi mereka lihat beberapa wisatawan lokal juang beri upah untuk waktu lebih moneter,0
167,air panas banjar,kami milik waktu indah sini air bagus hangat tidak temu terlalu bau orang telah saran dasar area kolam renang licin tidak buruk patung ukir cantik kira apa aku nikmat paling bal sini benar nikmat diri sendiri juga keluarga,1
168,air panas banjar,telah datang sini kulit rasa lebih lembut lebih baik mata air panas suci alam tengah hutan indah taman tropis lanskap 37 derajat celsius nikmat air adalah baik tubuh tiga kolam renang sini pilih mana ingin ada kolam renang utama saja adalah sekitar 4 meter dalam ingat benar mes telah saran anda siap aus penuh renang milik pakai ubah mobil milik tempat baru sama dekat kolam renang pacar harus mandi anak jalan untuk sambut ramah juga mandi kamar mandi anda harus bayar saya pikir dan itu cukup senang itu bukan masalah besar masih milik waktu baik,1
169,air panas banjar,kami bal lama musim hujan jadi pergi jelas jelas cuaca sempurna tempat ini air hangat 40 matahari sinar waktu sama mungkin terlalu banyak arsitektur di tempat adalah benar hebat aku kata adalah salah satu paling indah aku pernah mandi air panas tempat agak kecil tiga kolam kecil lama musim rendah penuh sesak sama sekali milik banyak waktu guna air mancur air ini hanya samar bau belerang mungkin tidak seperti mandi kuat kita benar rasa air milik lembut anda harap mineral mandi kejut betapa murah adalah dapat di 5000 per orang dewasa parkir sepeda motor 3000 3000 bisa arti kami dua nikmat mandi 1 euro total tentang,1
170,air panas banjar,ada mata air panas aku tahu utara bal salah satu cara cara lebih murah hanya 5000 idr masuk tinggal satu 180 000 idr tiga kolam renang beda satu besar hanya malas di lebih kecil panjang yang terlalu suka milik bau funky kemudian buah kolam renang kecil air datang keras cepat ini fantastis diri bawah air biar pukul bahu leher kepala pijat anda aku akan taruh muka saya bawah air tampak sangat higienis selain itu itu hebat coba sewa loker jejal bembah guna toilet hati warung makan di jalan adalah sangat tenang,0
171,air panas banjar,unjung tempat keluar rasa tahu saya senang laku kita bisa renang air banyak orang lain satu yang jengkel milik lambat jalan kaki tak kenal lelah itu tidur alam kami sangat cantik,1
172,air panas banjar,pikir akan jadi alam luar biasa santa air panas datang langsung tanah air indah hangat variasi suhu yordania sayang sekali saat ada sana sangat sibuk jadi sangat alam coba singkir orang dalam air rambut panjang ambang sedikit letak tinggal lama sekitar satu jam ini sibuk anak suka meski mereka hasil temu tempat mana air keluar kepala mandi ukir mereka loker juga jadi tempat mandi sama sayang ubah kamar sangat bersih adalah tempat baik lihat meski,1
173,air panas banjar,ada empat pergi jangan infeksi mata masuk pasti tampak nikmat itu masuk karena yah pikir lebih gelantung jalan salah satu teman dapat santa nikmat diri sendiri aku punya waktu sangat santai bawah kepala pancur kami tinggal 1 2 jam aku ingin tinggal tidak guna mandi biaya aku tidak guna bah lambat yang gratis tidak hanya hotel ini kerja apa bersih kubutuhka air tidak benar hangat lebih suam kuku itu biasa warna hijau licin jadi hati dapat keluar dan sekitar di jalan adalah foto op place pintu masuk keluar sana adalah jalan kaki singkat area parkir mereka saja jalan lalu area kios sarung air t shirt tank top jual dapat tawar baik anda laku jalan keluar mereka tahu tidak datang kembali aku akan henti sini dan jika aku ada daerah untuk tinggal,1
174,air panas banjar,air jadi santai benar mulai kolam air panas kemudian besar kolam renang santa sudah mebanjiri kolam renang kecil milik pancar air super kuat seperti pijat benar baik sorot jalan saya kemudian pergi renang air terjun kolam renang air panas aku tetap lokal tahu beberapa tempat lebih kenal pergi lovina banjar ada ingin pesan saya juga ambil keluar perahu awal pagi hari ikut lihat lumba lumba lovina semua banyak lumba lumba hebat bal utara adalah besar,1
175,air panas banjar,aku lihat ulas baik sini jadi flash hei apa anda harap juta orang jalan lewat tempat ini selalu suka tempat mata air panas apa tarik perhati adalah luar biasa karya ukir batu tampak laku sejak lama tidak kendara lalu uyezd desa indah ambil di akan unjung tempat lagi rekomendasi orang untuk yakin,1
176,air panas banjar,pribadi pikir banyak tempat yang lebih tinggi daftar untuk lihat mata air panas ini bal,1
177,air panas banjar,pertama tama ulas telah sebut air kotor buat air mineral orang sebut bau akan dapat sulphur panas adalah pasti tidak anda pikir anda datang 5 bintang spa adalah tempat benar alami jenis objek wisata tempat layak kunjung 5k biaya masuk,0
178,air panas banjar,air jadi hangat seluruh tempat milik suasana senang santai rfba bau belerang terlalu baik semua para renang waspada tidak pakai hias palsu dalam kolam renang hotel tidak milik bersiapla tempat adalah patut henti santa santa,0
179,air panas banjar,hanya pergi mata air panas kembali ke hotel tetapi jalan sangat kagum salah satu alam baik bal benar layak kemudi hati henti lihat keluar iocals tempuh anda dengan calon jual suka tempat ini,1
180,air panas banjar,salah pertama adalah pergi sini hari tahun baru orang benar banjir juga harap mata air panas indonesia kolam alami benar panas air bersih lingkung santai pada dasar pergi kolam renang umum ramai hijau keruh air suam kuku teman tidak buang waktu sini kami rencana tinggal beberapa jam kami tinggal segera kami tiba jalan sini di tur foto dua untuk kira itu layak lihat jangan buat rencana pergi di sini dan hanya tinggal sementara waktu anda akan kecewa,0
181,air panas banjar,mata air panas sangat eksotis layak kunjung daerah singaraja mata air panas suhu air terlalu panas jepang taiwan onsen hot spring orang anak puas tempat ini agak panas spa biaya guna toilet kamar ubah hanya satu kali biaya kepit layan pijat sedia tempat ini tidak coba makan restoran lihat cukup bagus bagi atas tempat nikmat pandang kawah hot spring hal baik ini toko di luar hot spring akan paksa beli sesuatu tawar keras seluruh tempat yang bagus unjung lihat pics,1
182,air panas banjar,sumber air panas alami pandang indah sekitar u r pergi utara bal tempat layak kunjung letak desa banjar singaraja bal 30 mnt lovina area wisata lebih baik datang lebih awal pagi hari air sangat panas tidak banyak orang,1
183,air panas banjar,kami henti sini hari panjang utara bal senang laku air hangat panas saat timbang suhu hal baik favorit saya adalah kolam renang potong sisi mana air terjun cukup jauh menerp benar cipta pijat bahu lelah harus jalan lalu jalan dagang jual semua barang turis khas mata air panas mereka terlalu agresif jika ingin belanja anda milik sempat,1
184,air panas banjar,apa tempat takjub unjung lihat di kawasan ini sedikit sulit temu anda kemudi diri sendiri jalan kelok lalu desa indah juga tarik tempat bagus dingin,1
185,air panas banjar,kita baca mata air panas banjar sangat tarik unjung untung sopir dapat muat jadwal kami mata air alami plombir kolam renang hotel lebih baik unjung awal pagi hari di malam hari matahari terlalu panas air cukup hangat tidak tinggal lama itu adalah alam senang,1
186,air panas banjar,tempat baik unjung butuh lebih pelihara bersih butuh perhati serius tempat ini tempat butuh betah peta jika anda kunjung buleleng,0
187,air panas banjar,bagus tempat tenang mandi air panas makin lama makin buruk tahan yang ubah kamar dll beberapa restoran dalam minum es krim sedia,1
188,air panas banjar,mungkin akan jadi jalan baik tapi cukup kecil banyak orang tidak benar habis banyak waktu akhir sini tidak banyak harus laku,0
189,air panas banjar,kolam mata air panas tidak bersih penuh sesak duduk tempat banyak besar tepat dalam kolam air dapat jaquzzi pribadi mungkin lebih nyaman tamasyawan,0
190,air panas banjar,mata air panas banjar ingat sedikit versi timur bath inggris cukup dingin milik beberapa arsitektur tarik sangat sibuk senang buah restoran bar tempat jadi akan jadi tempat senang unjung teman tidak habis waktu lama sini itu karena itu adalah akhir hari kami lelah,1
191,air panas banjar,kami pergi hari minggu adalah sedikit ramai kita senang tempat bagus antara pohon tetap beberapa 2000rp dapat toilet,1
192,air panas banjar,saat singaraja adalah layak kunjung hotspring salah satu wisata walaupun lebih suka hotspring di batur hotel bersih,1
193,air panas banjar,sedikit senang teman kita alam baik pergi air hijau dasar lanyau bar restoran adalah cukup baik apa mana dan biasa staf brilian makan hotel dan buat kualitas prima,1
194,air panas banjar,telah 2 minggu matahari laut pasir waktu ubah banjar cukup dekat ke lovina sedia itu aku tidak jalan jarak panjang mata air panas hangat bahkan adalah jauh lebih sedikit sulfida pernah ke buat untuk lebih nyaman keji panas alam biaya masuk adalah sangat wajar hati anda jalan utama sandal jepit bahkan air turun tangga wet hangat tumpu air panas belum songkran pintu masuk milik bakar estimasi nilai produk mereka vegetasi yang subur adalah ubah lucut desa,0
195,air panas banjar,itu sangat senang segar fasilitas situs simpan barang harga makan siang juga spa 3 kolam renang hotel keluarga dalam ukur benar baik baik sampai sana lebih awal hari terlalu sibuk,1
196,air panas banjar,kami unjung sini kami dekat telah unjung kuil buddha hotel bagus milik fasilitas baik itu jadi besar lihat di mana sumber musimsemi bukan tunjuk teman telah renang segar nikmat,1
197,air panas banjar,sangat murah masuk pergi lebih awal jadi bukan sangat sibuk dapat oleh tempat bawah sungai mudah sementara waktu nikmat ambil peduli masuk keluar kami milik mandi air panas tidak benar hebat rasa besar renang kolam renang yang lebih besar baik kota kecil kolam renang kecil ubah kamar miskin gratis nice bau datang restoran itu terlalu dini coba,1
198,air panas banjar,air terlalu panas dingin tempat terlalu besar coba pergi lebih awal 9 nikmat sengap kuyup kerumun antwer hadir,1
199,air panas banjar,hot springs senang 20 min kendara lovina lalu desa tempat harap tempat wisata tempat banyak duduk tempat coba jual handuk sarung semua usuals mata air kamar mandi lebih kecil yang harap hangat terlalu panas dapat 3 mata lebih dingin belum pakai pakai baik renang akan dapat yg kotor air cukup kotor tidak cukup buat pergi loker sedia tidak perlu tidak coba restoran cara yang bagus habis beberapa hari tidak benar semenanjung hot springs melbourne telah semua adalah hotel murah,1
200,air panas banjar,banjar th springs layak kunjung wisata bawa langsung desa kau berani toko dua sisi jalan anda jalan di duduk tempat terlalu kanjang lintas desa jalan kaki mata air panas terlalu tantang 65 jelas banyak sejarah sini aku akan goda ambil risiko aku akan kembali sinyal kolam renang laut,0
201,air panas banjar,tidak besar baik lokasi santa alih air hangat santa saraf telah hari panjang jalan sisi utara bal lokal turis bagi tempat sama banyak toko jalan area parkir ingin beli kata tidak terima kasih 5 000 biaya masuk murah di bal sangat rekomendasi mes jadwal jalan saat anda pergi utara,1
202,air panas banjar,tidak rekomendasi ada air panas panas lain jawa pres kolam renang lahak batas tanah di kolam renang,0
203,air panas banjar,sangat bagus renang santa bak mandi air panas sedikit kotor ubah kamar tumpu tangga tempat surealis tempat makan sangat baik atas jalan lewat pasar anda tinggal baik tambah hari jalan sekitar bal,1
204,air panas banjar,kami datang kunjung singkat pagi hari pandu kata lebih baik datang sore hari kurang panas air sangat panas anda masuk atas kolam renang air cenderung kolam renang pertama ikut untuk dua terus ini karena seharusnyaada bersih pertama,0
205,air panas banjar,saya ke banyak air panas ini rata rata tidak panas air saya sama kolam renang bagus masing masing kecil tidak ramai aku pergi jadi bagus anda sekitar area akan jadi buah alam sangat baik,1
206,air panas banjar,biaya masuk 5000rh 3000 loker aman jaga barang pergi sana sambut ramah hotel ering bawah sinar matahari cafe darah agam kolam mata air indah air hangat meski sangat bersih sangat sibuk populer anak sekolah seluruh kelas lompat sementara ada sana hotel bikini putih hijau ubah warna kuning air jadi hindar warna terang itu layak kunjung bagi hari jalan,0
207,air panas banjar,siap jalan lalu toko jalan tuju mata air aku buat salah beli item beberapa sangat senang orang wanita cantik sayang banyak wanita golong rasa harus beli toko jadi sangat agresif benar gaya prasmanan alam senang biasa alam bal ke mata pergi buah keluarga empat meski tarik lihat mata air baca sejarah benar renang kolam renang adalah alam kita semua nikmat tinggal waktu yang singkat maaf kami pergi kami tidak ada tidak rekomendasi pergi keluar cara anda untuk rendam air hangat luke kamar mandi bersih biaya masuk minimal,0
208,air panas banjar,dari menit keluar mobil mulai jalan pintu masuk harus jalan gaundet dagang kaki lima tawar handuk apa sari tips beli kios kiri pintu masuk terminal harga turun mobil dapat sekarang wisata harus jadi salah satu murah hanya 0 25 gbp 5000rp nilai sangat baik tiga kolam renang salah satu tinggi kota kecil namun lebih besar kolam renang kolam renang benar kecil iowest toilet sedia 2000rp harga wajar gratis loker 3000rp makan minum sedia toko jaga aman iife persen yah patut kunjung,1
209,air panas banjar,jika harap seperti dapat budapest akan kecewa ini tempat tepat sesuatu beda pantai total 5000ir entri hemat bayar informal 200000ir sana lovina tunggu kemudian antar kembali loker barang anda mudah tinggal tas anda di sisi kolam renang satu dua kolam renang besar kecil air mancur buku hotel landa anda kembali banyak orang indonesia itu bukan hanya wisatawan tempat spa jual minum restoran dan banyak jual tat sarung aku cinta kolam renang termal ini alam indah,1
210,air panas banjar,harap aku punya hak hot springs unjung mata air panas suci juli 2015 lokasi indah itu benar bagus santa telah daki semua air air terjun git git tangga sangat kecewa makan siang pantai lovina sangat indah memori 0 30 hanya mungkin mungkin telah 3 00 jelas lebih itu parkir mobil adalah pada anda jalan mata air panas lalu kios pasar vendor coba jual bayi monyet beberapa kolam renang mata air panas kafe ubah kamar guna kafe ubah kamar tidak komentar mereka meski mail kelompok kata lantai sangat basah tidak sangat bersih buah kuil indah taman mana aku ambil beberapa foto benar baik anda ada wilayah tempat adalah layak kunjung tampak banyak duduk tempat guna air panas restoran buka larut malam,1
211,air panas banjar,saat unjung singaraja lovina datang sini mata air panas hanya ambil 15 menit mobil itu layak unjung sungai letak desa banjar percik tempat kuno hot spring park guna jadi buah taman air raja lewat jalan kecil datang tempat parkir mobil anda harus jalan kaki 300 meter tuju gerbang utama bayar entri idr 5 000 orang dewasa sumber air panas waktu baik kunjung awal akan sangat penuh akhir minggu libur nasional sangat murah buah restoran saji hidang lokal barat lezat di air panas biasa hanya mes minum cangkir kopi beberapa mil orang percaya ini air panas bagus sehat anda dan dapat sembuh kulit sesuai air panas selalu penuh sesak turis lokal,1
212,air panas banjar,tempat indah aku jadi unjung terlalu ramai hotel sangat higienis tidak spa banyak turis akungnya laku sangat hormat harap dua tempat suci ini tidak ada kolam renang,1
213,air panas banjar,hotel dekat lovina jadi ada sana benar pergi sini jangan pergi bikini anda banyak orang lokal sini kota tempat suci kena kemeja celana pendek bikini anda tidak bersih kamar kecil butuh renovasi ini alam baik itu indah air harus baik kulit putih tidak pakai apa tidak putih telah anda datang keluar air bikini putih biru bawah aku kena t shirt celana pendek hijau biru datang hijau tidak bersih,0
214,air panas banjar,hanya 20 hingga 30 menit kendara lovina sangat sentral sini datang lebih awal hindar orang banyak milik transportasi sendiri masalah telah mes tur coba dapat jemput lebih awal waktu biasa jika mungkin privasi lebih lebih kehirukpirukan jalan kaki daerah utama ubah terbang tangga tuju bagi atas jembatan 2 belintang sini kolam spa mana dapat ubah lebih tenang damai guna kolam renang spa rp ekstra 10 000 layak untuk kunjung area juga pijat sedia coba jadi aku tidak bisa memberitahu anda tentang kualitas layan paling kejut adalah air panas magun saya 2 hari aku sakit sakit satu jam kuyup baik untuk sisa jalan kami jangan repot untuk beli suvenir mereka sama apa anda lihat kuta yang rupa rasa malu apa daerah tempat lihat lihat nila uang,1
215,air panas banjar,air panas banjar jarak 15 min sepeda lovina letak atas gunung perlu bayar biaya kecil masuk kios pasar kiri kanan jalan akan bawa ke mata air hanya jarak singkat jalan kaki pintu masuk mata air rawat baik beberapa besar foto peluang loker simpan gigi sewa 30c air indah hangat dapat habis waktu banyak anda ingin dalam air dapat ubah kamar buah kafe kecil rekomendasi kunjung adalah tempat untuk kata teman anda aku ada,1
216,air panas banjar,senang mata baik kolam renang lebihhangat bawah ramah tidak masalah restoran makan sangat baik dekat,1
217,air panas banjar,seperti bagi besar tempat bal akan jalan lalu rentet lokal toko jual barang pakai jadi foto lokal murah masuk tidak v ladah banding mata air panas hangat bulyon lokal orang barat akan rawang alam baik anda mandi duduk tempat air hangat luke ladah,1
218,air panas banjar,kami temu air panas alami sini namun tempat perlu improvisasi lingkung lebih nyaman bersih buat nyaman wisatawan sangat kagum tempat masih sangat alami asli,1
219,air panas banjar,tidak layak kendara tempat denpassar ada utara bal henti santai yang bagus ambil waktu anda untuk temu duduk tempat uuueennak baik jika anda datang sepeda jalan lovina ririt,1
220,air panas banjar,kolam air panas tempat akan pergi toko gaundet murni coba jual handuk sarung tiba kami lihat bayi monyet ikat pinggang batu bata jelas rupa cara dapat henti toko mereka aku sangat kejut sedih lihat monyet bayi malang ini juga lihat orang anak miskin tonjol ejek jendol aku hampir hilang tempat ini bila lihat seperti henti ambil gambar monyet miskin sm wisatawan lihat bayi monyet ambil gambar itu jangan ambil bagi itu tidak benar ini tetap nada untuk mandi di mata air panas aku harap aku nikmat waktu saya di sana sedikit lebih,0
221,air panas banjar,tempat bagus unjung dua utama mandi air panas alir air fasilitas shower ubah kamar oxford toilet tidak bersih baik,1
222,air panas banjar,itu sangat senang henti meski air kotor sangat kotor kamar bau bah ada terlalu banyak tempat parkir pintu masuk toko itu sendiri,0
223,air panas banjar,hotel bagus henti mata air panas banjar air tampak sangat bersih warna hijau air sendiri hangat sentuh saya tidak renang pribadi tidak temu segar iklim hangat lembab cukup dapat makan minum kami terus bepergiandi,0
224,air panas banjar,mata air panas banjar unjung bagai bagi tur adalah salah satu henti akhir ingin pergi renang senang saya akhir di milik apa diri tempat adalah salah satu murah fisio asprak banyak telah repot usia rasa jauh lebih baik itu tempat indah ramah orang banyak kuil puncak bukit mana anda dapat lihat mana air panas pintu keluar pengunungan unjung jika beberapa sisi pulau ini 1 ingat apa aus putih akhir kuning belerang,1
225,air panas banjar,ini great temu mata air meski ada belah utara pulau benar layak jalan sana anda gabung dengan kunjung tempat tarik lain jalan mata air sering kunjung banyak orang lokal baik tahu yang satu di bal kemudian restoran adalah luar biasa hotel hadap hutan mandi spa,1
226,air panas banjar,saya suami tinggal lovina ambil pagi hari jalan hari minggu mata air panas banjar suci pergi lebih awal kalah kerumun dapat 3 kolam utama anda nikmat air panas dalam utama besar santa gools apung sekitar sekadar rendam adalah buku tepat atas air adalah sedikit lebih kecil benar baik panas akhir kolam milik lebih elok milik takjub tekan air pijat ubah kamar loker untuk simpan barang anda sedikit licin jadi pasti anda bawa sendal jepit anda,1
227,air panas banjar,ambil orang sopir satu hari tur pulau kami unjung hotel hot springs banjar holi aku benar siap mandi aku tinggal pakai satu bodered d air hangat baik sangat ramai aku ada sana bulan mei restoran atas kolam bagus murah pasar di luar hot springs daerah siap wisatawan dan perlu ahli tawar beberapa serius pandang luar biasa indah adalah sempurna tempat rilekssss dan hampir tidak ada biaya masuk usd 1 2,1
228,air panas banjar,3 kunjung sini punya efek lebih baik banyak kejelekank 12 kunjung sembuh kolam bagus hangat apa benar bantu adalah air panas jet sini hal jatuh sekitar 2m untuk milik efek power memijat tubuh dengan air panas belerang beberapa sesi itu sakit bahu pergi bagai restoran tampak lebih baik tempat tidak ramai kemudian hari itu selalu penuh sesak akhir pekan hari libur saran adalah pergi lebih awal pagi sekali pagi hari kerja aku tinggal properti grya sari hotel jadi aku sana menit 8am waktu buka hanya beberapa kami sampai sudah 9am bahkan kemudian tidak baik adalah senin pagi juga buah spa pijat bagi tidak penuh sesak hanya biaya beberapa dolar lebih banyak di atas biaya masuk,1
229,air panas banjar,sumber air panas adalah cukup jauh pusat kota singaraja situasi sangat ramai tamu lokal jadi objek benar kotor pikir perintah fokus benda untuk tahan lebih banyak tamasyawan,0
230,air panas banjar,hotel kolam renang barusnya togok pergi tempat tetapi bisa pakai tempat penuh sesak air tampak keruh terlalu tempat tidak terlalu tarik saya jalan tuju hotel penuh toko jual pakai barang lain tempat juga milik jalur sempit,0
231,air panas banjar,sangat semangat ide kolam renang air panas aku ke tempat itu kolam hangat penuh terlalu banyak orang aku terlalu semangat hambur air kolam renang tampak terlalu bersih itu hanya penuh sesak banyak duduk tempat terus tatap anda,0
232,air panas banjar,pergi sana hari minggu jadi beberapa orang sekitar guna kolam renang air lukas hangat panas imajinasi inap tempat identifikasi lanyau hal ambang air terlalu takut letak kepala bawah jadi dasar kota lompat sekitar bingkah lalu keluar tinggal hanya uang 5000 jalan masih aku rasa ada intai kolera aku pernah sungai gangga mandi di air suci mereka ini bal yang jawab akan pergi lagi,0
233,air panas banjar,unjung sini alam indah air panas ada lingkung idillic mudah perlu bawa beberapa sandal jepit bawa beberapa ubah loker toilet juga pasti bagai anda mandi kulit jeruk layak layak kunjung meski,1
234,air panas banjar,dua buka bassins mata air hangat lingkung indah tanam rindang simpan barang loker restoran iklan wifi gratis tidak coba salah satu mereka harus bayar biaya masuk sederhana jalan lalu losin toko sangat rekomendasi,0
235,air panas banjar,banjar hot springs tempat indah santa nikmat air panas hotel letak 10 menit lovina saran waktu baik pergi pagi semua wisatawan duduk lokal ada sana belum panas hari itu siapa mau mandi air panas di tempat okonomiyaki restoran bagus dapat milik mil baik sus wifi gratis,1
236,air panas banjar,telah di sana sore bagi besar wisatawan kiri waktu sempurna area benar indah benar layak kunjung,1
237,air panas banjar,jika pergi singaraja lvina datang sini adalah kolam air mineral alami didih panas suhu tepat air jelas milik mineral belerang dalam tidak letak kepala anda bawah sangat santai fasilitas baik ubah kamar loker rakyat kerja juga kafe restoran adalah suatu harus anda di utara bal oh dapat 20k biaya masuk,1
238,air panas banjar,tempat hutan tropis lucu ada banyak orang lokal datang santa waktu pijat air panas sederhana asli laku,1
239,air panas banjar,tempat buka unjung bahkan hotel indah apa lebih baik bahwa hotel tidak penuh lama cuaca basah benar nikmat rendam air panas bawah hujan jangan lupa cicip pijat mana di kota kecil air jatuh sumber lebih tinggi seluruh alam luar biasa,1
240,air panas banjar,pintu masuk biaya hanya 5 000rupee tidak jadi turis cukup tempat layak kunjung anda tinggal lovina begitu jauh kota banyak pohon bunga,1
241,air panas banjar,tempat milik beberapa ubah cara positif pintu masuk bagus bayar rp 5000 di saya saran pergi sana diri kelompok pandu wisata cukup mudah temu 3 renang beda nikmat air panas satu square satu meter saya kira satu milik paling hangat banding lain dua kolam renang besar dengan indikator dalam 1 meter 2 1 5 meter akhir kecil kolam renang water drop 2 meter lokal guna satu bahu mereka milik rasa sakit tempat soulders tepat untuk air drop air kandung belerang kadang tampak kotor itu sangat baik untuk hapus gatal eksim datang sini layak kunjung,1
242,air panas banjar,jangan lupa bawa sendiri celana luncur handuk sandal tempat tutup awal sangat licin,0
243,air panas banjar,kunjung sini renang lompat aling air terjun tempat cukup tenang sore hari beberapa unjung lain pintu masuk sangat murah locers ruang ganti shower luar ruang sedia makan siang restoran sini itu cukup bagus murah juga luar hot springs ada pasar kecil harus jalan lalu para dagang sana ganggu sama sekali,1
244,air panas banjar,alam bagus hati licin 3 kolam beda satu 2m dalam 1m yang lain masuk sangat murah,1
245,air panas banjar,ada area anda pergi pilih hari minggu itu tenang air hangat segar hati itu sedikit licin jaja turun kolam renang sedikit penuh jika anda tunjuk minat,0
246,air panas banjar,sangat segar rendam hot springs makan lokal enak harga baik tidak lebih lembung perangkap wisatawan bir dingin baik laku,1
247,air panas banjar,mes taksi 745 lovina untuk tiba sana segera 8am biaya 50 000 masing masing cara 100 000 tunggu kurang 6 orang sana saya tinggal 930 ada jaja buka saya lihat orang keluh ini tikus lari fasilitas sangat bersih tidak lihat alir arus air selokan di kamar mandi milik sabun 5 000 dapat dengan 2 000 toilet 2 000 loker batas sedia tempat penuh jumlah wifi gratis milik kopi bal lantai atas 17 000 sangat baik semua dalam semua sangat baik benar tempat indah santa lama beberapa jam benar unik dan sangat bal tempat yang baik pergi,1
248,air panas banjar,hangat indah seperti mandi air elok sangat kuat satu bagi seperti sangat kuat pijat air tuang bawah bahu kembali jadi murah pergi alam bal benar telah sini kali dua kali telah orang indonesia tidak bahasa inggris datang saya dan ingin foto saya semua suara cekikik jadi bagus sangat rekomendasi,1
249,air panas banjar,ini alam budaya dapat saya duduk tempat datang sini mandi air suci kemudian milik pancur luar ruang semua orang lihat semua itu bal suka masih milik mata air panas alami tentu lain springs bal telah untuk turis air sangat hangat benar rasa seperti alami pijat anda diri bawah alir anda dapat bayar loker 30 sen aus pintu masuk hanya 50 sen aus restoran bagus nikmat hidang makan minum anda pilih tidak pergi dalam air lingkung adalah santai tenang rekomendasi pergi alam kulit anda rasa sangat baik telah,1
250,air panas banjar,banjar hotsprings tempat santa air sangat natural hangat rap brimstone air duduk tempat percaya itu asap baik kulit anda bisa dapat pijat sini ada restoran harus benar unjung pagi hari tempat lebih tenang air lebih bersih kemudian malam lepas kolam di malam hari akan isi air suci baru,1
251,air panas banjar,kecil bagus henti tur mata air panas tawar beberapa mungkin mandi juga hanya duduk tepi milik kaki lalat mati santai terlalu besar kompleks seperti biasa dengan banyak vendor kios jalan rekomendasi kunjung singkat,1
252,air panas banjar,dasar adalah cuci house duduk tempat atur cukup bagus cara pribadi tidak duduk beberapa air mandi kafe di situs sangat senang sangat baik kopi es,1
253,air panas banjar,sama sekali kes orang mandi satu sisi ada banyak sampah sisi wells,0
254,air panas banjar,wilayah baik kotor infrastruktur satu titik baik salah satu baik bal pernah makan ayam masak,0
255,air panas banjar,air bau jijik jadi seluruh tempat kotor ruang ganti toilet bahkan lebih buruk kotor sampah mana hemat waktu uang dan pergi sana,0
256,air panas banjar,saya pergi sini kuat obat mata pikir lokasi baik lingkung tampak urus baik guna toilet baik saja the springs sangat bagus juga mudah jalan keluar dari lantai licin itu datang mineral tidak coba makan restoran lihat baik seluruh kata tempat patut kunjung masuk di buah jalan jalan air terjun git git dan lovinia,1
257,air panas banjar,saya nikmat ambil air sini terima 1 harap apa embel hanya tempat nikmat musim waters beberapa kolam beda temperatur beda ada membesuntukan air jatuh sekitar 15 ft sedia pijat paling teknologi rendah pijat pernah lihat ikut tanda lemari pijat akan temu buah jembatan indah milik pijat sana sangat wajar saya ingat benar dapat 15 jam juga beri anda akses sekitar 3 kolam kecil atas sana adalah suhu bagus itu sangat tenang indah cafe hadap seluruh spring harga jangkau kualitas wifi gratis mampu facetime keluarga cukup tempat keren sangat senang henti sini,1
258,air panas banjar,tempat takjub saya dapat tunda pasuk kolam air panas tempat lokal unjung keluarga akhir pekan laku mereka khawatir mereka anak diri langkah tidak kain dan kencing kolam renang ini adalah buah alam lihat meski,1
259,air panas banjar,pertama kali nikmat mata air panas kamar mandi beda dapat pilih panas air hangat dingin air kualitas air bagus ubah kamar bersih mandi sedikit kotor loker kondisi buruk lebih baik bawa semua barang pribadi sulit temu kunci loker tepat juga beberapa diskriminasi harga duduk tempat orang asing 150 000 bayar lokal rupiah pintu masuk masuk handuk minum selamat datang makan ringan sampo lokal bayar 60 000 rupiah masuk handuk minum selamat datang sampo itu banyak duduk tempat hot spring bahwa hal buruk ketika kena bikini nyaman semua lokal wanita renang pakai tutup tubuh mereka salah satu bagus waktu alam hot spring adalah dengan cara tidak kuta di bajar di samping gunung batur tips bagus laku gunung batur sunrise lintas alam yang laku,0
260,air panas banjar,air hangat milik bau funky bersih salah itu bagus tahu tidak benar lihat bagai yang khusus tidak ada wow faktor hanya buah alam baru masuk area ini akan bayar 5 000 rupiah jika ingin ada loker itu lebih rp 3 000 untuk guna toilet akan bayar rp 2 000,0
261,air panas banjar,milik renang hot springs itu sangat hangat undang pasar jalan spring harga sangat baik banding tempat lain makan restoran sangat baik,1
262,air panas banjar,hotsprings sangat sembuh 5 star villas sisi kolam renang pribadi vila dengan dinding kaca geser buka samping tempat tidur ke pandang indah air gunung rap daki kanan hotel,1
263,air panas banjar,we sini lebih 10 tahun lalu itu ubah kami temu takjub the kolam renang bagus hangat kolam renang lebih besar sangat licin the ubah kamar bau sangat buruk muncul orang guna bagai toilet the restoran itu kejut harga sangat wajar makan sangat bagus sitting sana di bawah angin tiup sangat bagus kolam air panas,1
264,air panas banjar,tempat indah unjung santa kolam air panas mulai bawah air spouts lebih kecil kerja hingga kuat besar satu bahu pijat adalah lingkung indah kami nikmat santa kolam mandi,1
265,air panas banjar,1 henti hari tur nyoman sangat sedikit sisa kata orang lain havnt sangat murah 5000 rupiah ubah kamar loker loker sedia tidak terlalu banyak orang sana rupa bonus besar tidak yakin sembuh pasti temu sangat santai damai ada sana sangat layak kendara jauh tempat wisata beberapa r r,1
266,air panas banjar,ini tempat bagus kunjung drive tarik pasar bagus kios belanja jika milik toko restoran jenis bagus kafe minum dingin baik ok sandwich taman sekitar indah renang air adalah warna hijau tebal warna pea soup langkah sangat licin jelas ada banyak ganggang kolam renang anak sana telanjang orang tua pegang kecil keluar biar buang air kecil kolam renang empat kami laku masuk satu orang tempat kepala bawah air hari ikut milik infeksi telinga rusak libur untuk salah satu lain dapat percik tel air malam muntah,0
267,air panas banjar,buka sini sangat awal nikmat fantastis panas dingin pandang fantastis pagi hari akan temu utama duduk mandi ada beberapa jalan kecil atas kolam renang mana anda dapat jalan lalu hutan panjang sungai hati sangat licin tempat letak cara dekat lovina sekitar 30 menit mobil,0
268,air panas banjar,banjar panas letak dekat lovina kalibubuk perlu temu kantor polisi kemudian belok kiri lihat tanda hot springs sisi kiri kemudian belok kiri salah satu anda laku bal utara besar parkir biaya masuk murah 3 renang 1 atas salah satu air panas 2 yang besar air hangat anak lompat kolam renang ini 3 kolam dengan sumber air panas tinggi baik pijat air akan tutup 6 the locker tutup 5 30 pm tetapi u beri kunci aman,1
269,air panas banjar,jika ada area try to get to spings panas banjar letak utara pulau tidak kuta nasihat jalan tampak pikir letak hutan tropis mata air buat batu cara khas bal yang air panas sangat kolam kecil kemudian sedikit lebih dingin kolam lebih besar mana dapat renang tenang santai layak satu jam kerumit dalam jalan pintu sedikit bau belerang tidak singgung mandi loker sedia baik tiba lebih awal wisatawan latih,1
270,air panas banjar,udara panas banjar april 2009 udara panas arti air panas udara panas banjar hot springs banjar tempat parkir pintu masuk mobil lebih lanjut panjang sana tempat parkir siklus motor biaya masuk sangat murah jalan terus pintu masuk lewat jumlah toko pintu masuk mata panjang jembatan kecil liput sungai sempit tiga kolam renang mana air panas tuang patung air ramah air panas utama duduk tempat guna kolam renang sangat ramah sopan wilayah uap subur tanam tropis restoran tutup kami ada sana ubah kamar kamar mandi loker jalur sangat licin sederhana kostum sesuai baik poin hot springs cantik ramah duduk tempat buruk poin licin,1
